{
    "compilerOptions": {
        "module": "ES2022",
        "target": "ES2021",
        "esModuleInterop": true,
        "removeComments": true,
        "noImplicitAny": true,
        "noImplicitReturns": true,
        "noImplicitOverride": true,
        "noUncheckedIndexedAccess": true,
        "preserveConstEnums": true,
        "sourceMap": false,
        "declaration": false,
        "moduleResolution": "node",
        "allowJs": true,
        "checkJs": true,
        "resolveJsonModule": true
    },
    "typeRoots": ["./node_modules/@types"],
    "include": ["@types/**/*.d.ts", "../main.runtime.ts"]
}
